Показник,infl_ukr_log,gdp_ua_log,export_log,import_log,empl_ua_log,empl_kyiv_log,constr_ind_log,house_ind_log,house_space_kyiv_log,house_space_ua_log,conf_ind_finance_log,conf_ind_build_log,conf_ind_service_log,kyiv_gdp_log
2010-01-31,0.008880176756858482,,,,,,0.0,,,,,,,
2010-02-28,0.0009818361122571062,,,,,,0.00987174847915373,,,,,,,
2010-03-31,-0.009862012869115588,,,,,,-0.005911347263056754,,,,,,,
2010-04-30,-0.01196425039177118,,,,,,0.0019743343037177397,,,,,,,
2010-05-31,-0.003013563305263922,,,,,,0.004918849071596121,,,,,,,
2010-06-30,0.0020100509280238654,,,,,,-0.005905528974041729,,,,,,,
2010-07-31,0.00200601872686601,,,,,,0.004923692861784623,,,,,,,
2010-08-31,0.013930573535946955,,,,,,-0.010864304391905222,,,,,,,
2010-09-30,0.01665888598663834,,,,,,0.0019841276350467396,,,,,,,
2010-10-31,-0.023599915340873245,,,,,,0.022538925687898725,,,,,,,
2010-11-30,-0.001992032531240362,,,,,,-0.02055872702103656,,,,,,,
2010-12-31,0.004972660669378293,,,,,,0.001976285228211694,,,,,,,0.17999738503895024
2011-01-31,0.001982161203991417,,,,,,-0.001976285228211694,,,,,,,
2011-02-28,-0.0009905894816961691,,,,,,-0.003964326301908905,,,,,,,
2011-03-31,0.0049431637975194676,,,,,,0.008897735419864716,,,,,,,
2011-04-30,-0.0009866799024456085,,,,,,0.01562531790308075,,,,,,,
2011-05-31,-0.004948055617369107,,,,,,-0.017595761890379258,,,,,,,
2011-06-30,-0.003976148379639,,,,,,-0.0049431637975194676,,,,,,,
2011-07-31,-0.017077260818193274,,,,,,0.01768218957494927,,,,,,,
2011-08-31,0.009077218151116284,,,,,,-0.009784813879998744,,,,,,,
2011-09-30,0.005007521730622244,,,,,,-0.008888947417245774,,,,,,,
2011-10-31,-0.0009995003330827146,,,,,,-0.003976148379639,,,,,,,
2011-11-30,0.0009995003330827146,,,,,,-0.001994018606865211,,,,,,,
2011-12-31,0.0009985023295895346,,,,,,0.02366974408590483,,,,,,,0.27452671330726375
2012-01-31,0.0,,,,,,-0.018692133012152112,,,,,,,
2012-02-29,0.0,,,,,,-0.002983592466887508,,,,,,,
2012-03-31,0.000997506317125918,,,,,,0.0019900504080094805,,,,,,,
2012-04-30,-0.002995508979798167,,,,,,0.005946499187726495,,,,,,,
2012-05-31,-0.003004509020299473,,,,,,-0.0009886308269395627,,,,,,,
2012-06-30,0.0,,,,,,0.012776586578981508,,,,,,,
2012-07-31,0.0010025063496259534,,,,,,-0.050060501956918024,,,,,,,
2012-08-31,-0.0010025063496259534,,,,,,0.04221732449589233,,,,,,,
2012-09-30,0.0040040093533821874,,,,,,0.0049091900262379085,,,,,,,
2012-10-31,-0.0009995003330827146,,,,,,-0.043028148129847565,,,,,,,
2012-11-30,-0.001000500333583787,,,,,,0.02922122268374494,,,,,,,
2012-12-31,0.002998502996256036,,,,,,0.020639553296548208,,,,,,,0.16352511751170518
2013-01-31,0.0,,,,,,-0.04781787435049267,,,,,,,
2013-02-28,-0.002998502996256036,,,,,,0.03705982438394173,,,,,,,
2013-03-31,0.001000500333583787,,,,,,-0.003940891799876667,,,,,,,
2013-04-30,0.0,,,,,,-0.03209904468331981,,,,,,,
2013-05-31,0.0009995003330827146,,,,,,0.04777027626868602,,,,,,,
2013-06-30,-0.0009995003330827146,,,,,,-0.013698844358161821,,,,,,,
2013-07-31,-0.001000500333583787,,,,,,-0.05362944081018117,,,,,,,
2013-08-31,-0.006024114603381037,,,,,,0.06829963055797528,,,,,,,
2013-09-30,0.007024614936964824,,,,,,-0.028559301908461343,,,,,,,
2013-10-31,0.00399202126953746,,,,,,-0.016113138143131422,,,,,,,
2013-11-30,-0.001994018606865211,,,,,,0.030986986966338392,,,,,,,
2013-12-31,0.00298953884836628,,,,,,-0.003944778291016249,,,,,,,-0.010563326068988133
2014-01-31,-0.00298953884836628,,,,,,-0.010929070532190721,,,,,,,
2014-02-28,0.0039840690148746916,,,,,,0.0019960086467154525,,,,,,,
2014-03-31,0.015779420103965158,,,,,,0.007944431058535706,,,,,,,
2014-04-30,0.01070569835598878,,,,,,0.00984259914419372,,,,,,,
2014-05-31,0.0048285946061952245,,,,,,-0.008853968317254157,,,,,,,
2014-06-30,-0.027345453890528226,,,,,,-0.003960401216096976,,,,,,,
2014-07-31,-0.005958309583630417,,,,,,0.000991571722295248,,,,,,,
2014-08-31,0.003976148379639,,,,,,0.0049431637975194676,,,,,,,
2014-09-30,0.020619287202735315,,,,,,0.008836581800498067,,,,,,,
2014-10-31,-0.004870930234596393,,,,,,-0.009823261702943675,,,,,,,
2014-11-30,-0.004894772376728085,,,,,,0.004923692861784623,,,,,,,
2014-12-31,0.010737048000956761,,,,,,-0.002951305634580237,,,,,,,0.1434180187733194
2015-01-31,0.0009704027932784243,,,,,,0.012726554539223223,,,,,,,
2015-02-28,0.021114028117015238,,,,,,0.016401718383800556,,,,,,,
2015-03-31,0.050913355173253905,,,,,,0.03109058707003154,,,,,,,
2015-04-30,0.028471674081312237,,,,,,-0.05726755435847508,,,,,,,
2015-05-31,-0.10926677062489176,,,,,,-0.008880176756858482,,,,,,,
2015-06-30,-0.01776947051197464,0.19449435703631757,,-0.030756260787326184,0.006211200092640645,0.0,-0.003972199860433179,,,,0.3480542008948255,-0.109199291964992,0.1591948267139367,
2015-07-31,-0.014042357123039473,,,,,,-0.001992032531240362,,,,,,,
2015-08-31,0.0020181641562375674,,,,,,-0.0049975116504716866,,,,,,,
2015-09-30,0.030771658666753687,0.21629444873893888,0.06176743082995095,0.08729308671876623,0.006172859107080875,0.00592594326754714,0.013930573535946955,,,,0.0758380763915043,0.08594242980072497,0.13069719138864722,
2015-10-31,-0.035824726518145056,,,,,,-0.002968829493801728,,,,,,,
2015-11-30,0.03288786684483469,,,,,,-0.005964232391673541,,,,,,,
2015-12-31,-0.012827013559753908,0.03780218543410285,0.04489574074314007,0.06859042023096507,-0.004626068388781768,0.0,-0.000997506317125918,,,,0.14851686210900228,0.22705745063534621,0.1867268502618713,0.26815529604580846
2016-01-31,0.0019841276350467396,,,,,,-0.009022617599637073,,,,,,,
2016-02-29,-0.012967762769011237,,,,,,0.008024115270047538,,,,,,,
2016-03-31,0.013958352250707406,-0.2572040485195828,-0.10020841877562425,-0.004216233694233296,-0.02029734006367523,-0.0029585820397448614,0.007960241038388993,,,,0.05419465038800153,0.10097591734000178,0.03774032798284699,
2016-04-30,0.02445109586416372,,,,,,0.014756785245843673,,,,,,,
2016-05-31,-0.03340192638424888,,,,,,-0.008827914123565428,,,,,,,
2016-06-30,-0.003001503003756234,0.16262401997863485,0.11693036008741409,3.358606848635759e-06,0.009419221916491693,0.0,-0.005928871122278245,-0.029162448688991205,,,0.16263360182173558,0.12466451417279512,0.0957910646416753,
2016-07-31,0.0010015023370897325,,,,,,-0.004967720101934248,,,,,,,
2016-08-31,-0.002004008686715686,,,,,,-0.00599402394021098,,,,,,,
2016-09-30,0.020844427148629663,0.22587231927066576,0.055254297804133046,0.1842715613683552,0.006230549750636527,-0.005943553900848109,0.011952333523841396,0.03114264735585337,,,0.07508215635156512,-0.017610518008635445,0.07187333435230547,
2016-10-31,0.009775248904642986,,,,,,0.000989609185165996,,,,,,,
2016-11-30,-0.009775248904642986,,,,,,-0.001980198666862165,,,,,,,
2016-12-31,-0.008880176756858482,0.0738390108025282,0.12778998705519662,0.07957739390450058,-0.003110422414392744,-0.0029850768434531716,0.002968829493801728,0.039753174277183945,,,0.012578782206860595,0.037364246744867824,0.026491615446976535,0.212322938963311
2017-01-31,0.001980198666862165,,,,,,-0.003960401216096976,,,,,,,
2017-02-28,-0.000989609185165996,,,,,,0.003960401216096976,,,,,,,
2017-03-31,0.007889587275162313,-0.20017790305952943,0.0075893365089854115,-0.018759061599203264,-0.014117881545784527,0.017778246021284083,0.008853968317254157,-0.04074278346234994,,,-0.07410797215372211,0.009732436918231002,-0.0309759278943047,
2017-04-30,-0.008880176756858482,,,,,,-0.007866313915982026,,,,,,,
2017-05-31,0.003956483895073859,,,,,,-0.007928683755507038,,,,,,,
2017-06-30,0.0029571238897441177,0.11563479540819266,-0.002974450832679665,0.02175219662894534,0.014117881545784527,0.00439561147303813,0.0029806281381379307,-0.003968259175620936,,,0.06693948267510885,0.10560261709951257,0.07571182173569646,
2017-07-31,-0.013875346493617435,,,,,,0.000991571722295248,,,,,,,
2017-08-31,-0.002998502996256036,,,,,,0.001980198666862165,,,,,,,
2017-09-30,0.020803127629762663,0.22705726246931413,0.029651748638857,0.08484770344629844,0.007757990810939752,-0.007336790063854792,0.005917177028088361,-0.0019900504080094805,,,0.02486806657801388,0.027928775525010163,0.028749413285985792,
2017-10-31,-0.00787405643090544,,,,,,-0.0029542118974310583,,,,,,,
2017-11-30,-0.002968829493801728,,,,,,0.001970443987298509,,,,,,,
2017-12-31,0.0009905894816961691,0.0671206082437319,0.119692711916354,0.11399122284993446,-0.003095977705128483,0.0,-0.0029571238897441177,0.009910883899453715,,,0.01739174271186883,-0.027928775525010163,-0.012220111334775297,0.19815378174883058
2018-01-31,0.004938281640582076,,,,,,0.012751521482031514,,,,,,,
2018-02-28,-0.005928871122278245,,,,,,0.051293294387551036,,,,,,,
2018-03-31,0.001980198666862165,-0.23310732847012616,-0.047841408239319705,-0.09755457677409396,0.003095977705128483,0.014620143454962431,-0.05715841383994924,0.007858586612520924,,,0.06669137449867257,0.0530346966560864,0.09568268865571739,
2018-04-30,-0.002971770389157413,,,,,,-0.00787405643090544,,,,,,,
2018-05-31,-0.00796816964917646,,,,,,-0.008933061885475269,,,,,,,
2018-06-30,0.0,0.13714276726063268,0.015296284485527778,0.01406920140694723,0.013814494443188607,0.0028985527540115186,0.001992032531240362,-0.010821551743178226,0.6985223025256992,0.5535853914175188,-0.006472514505617255,0.026505119379997222,-0.049628504305160526,
2018-07-31,-0.007024614936964824,,,,,,0.001988072225386439,,,,,,,
2018-08-31,0.007024614936964824,,,,,,-0.005976113403342254,,,,,,,
2018-09-30,0.018821754240587296,0.20551163142587114,0.04189763779494271,0.16980220438958327,0.009104766992918734,-0.004350985834326693,0.011916724933462852,-0.005952398527295344,0.4953175373025154,0.4693513432062666,0.053725399356162384,0.047160015656738,0.04589715669230232,
2018-10-31,-0.0019646371741650626,,,,,,0.0,,,,,,,
2018-11-30,-0.0029542118974310583,,,,,,-0.006934153588998626,,,,,,,
2018-12-31,-0.005934735519814716,0.05359504212302468,0.1077773619532465,0.0389197268667143,-0.001511716085321524,0.0,-0.012000144003110336,0.005952398527295344,0.4636510180830875,0.5111441894255826,0.015267472130788384,-0.0019212301778939178,-0.02268528283108351,0.23382790557201538
2019-01-31,0.001982161203991417,,,,,,0.02483982656615069,,,,,,,
2019-02-28,-0.004962789342129348,,,,,,-0.01782225390750458,,,,,,,
2019-03-31,0.003972199860433179,-0.24675271777122276,-0.07948634766404261,-0.14871520249282533,0.003021150334175715,0.008683122573461155,0.008950830520085162,0.008862687257845003,-1.389051074486197,-1.2749783032630546,0.08144033194017464,0.08476526662771011,0.05758322268236071,
2019-04-30,0.0009905894816961691,,,,,,-0.005958309583630417,,,,,,,
2019-05-31,-0.0029747171167429087,,,,,,-0.00599402394021098,,,,,,,
2019-06-30,-0.011988155559969904,0.12851352541823857,0.0002933543147154438,0.05633144198867157,0.013483350337287092,0.007178781727005479,-0.008048333182828493,0.008784829555732898,0.5683361991801625,0.7031978731655109,0.0410454332431156,0.0175135824927084,0.008984786407815193,
2019-07-31,-0.001005530502018459,,,,,,0.01304584483330018,,,,,,,
2019-08-31,0.003013563305263922,,,,,,-0.009013581305361562,,,,,,,
2019-09-30,0.009980122756724441,0.17605611884181904,-0.0007323342875444894,0.054237285353924136,0.008888947417245774,0.0028571448007799205,0.011005613836601924,-0.026589454189239525,0.5677282476529797,0.45054090059188745,0.00933962759613216,-0.026386755173194665,0.012444605048083979,
2019-10-31,0.0,,,,,,-0.013019713208302974,,,,,,,
2019-11-30,-0.005976113403342254,,,,,,0.006030169026590926,,,,,,,
2019-12-31,-0.003001503003756234,0.0007272783166865082,-0.02339708532310425,-0.056749741711813684,-0.0029542118974310583,-0.0028571448007799205,-0.006030169026590926,0.025617164370300927,0.4330310101598016,0.3540057039182578,-0.022835109071016824,-0.09923945794421485,-0.005314450063492515,0.09847461183987072
2020-01-31,0.004000005333345769,,,,,,0.03564733873023762,,,,,,,
2020-02-29,-0.005002511682971722,,,,,,-0.022627625521934647,,,,,,,
2020-03-31,0.010972678669475933,-0.25952091434670876,-0.05229808277741732,-0.17353475953999187,0.004428051515732001,0.0028571448007799205,-0.007992050531338002,-0.023623145763435716,-1.5774981186604968,-1.7539213048498787,0.06572667370032992,-0.12123386481411647,-0.041710488581370164,
2020-04-30,0.0,,,,,,0.009980122756724441,,,,,,,
2020-05-31,-0.004972660669378293,,,,,,-0.005976113403342254,,,,,,,
2020-06-30,-0.000997506317125918,0.024744465180431163,-0.07054870862983442,-0.20687295600355782,-0.026867287707009524,-0.020173594812240125,-0.0040040093533821874,0.016790517912990133,0.5914915400459062,0.6588245269620501,-0.8498456324660024,-0.5958188365993831,-1.3570952064276285,
2020-07-31,-0.008016074988235644,,,,,,0.010972678669475933,,,,,,,
2020-08-31,0.0040160696548898756,,,,,,0.004948055617369107,,,,,,,
2020-09-30,0.0069895441817120485,0.28758404748431765,0.14337241974106263,0.2768807580461399,-0.003030305349179585,-0.0014566644964641995,0.005905528974041729,-0.015794997671489064,0.48659510901065595,0.4682639915077811,0.029327615094520088,0.3125713612154679,0.3688309749283838,
2020-10-31,0.004962789342129348,,,,,,-0.016823751577915047,,,,,,,
2020-11-30,0.00296589441337769,,,,,,0.011904902506318926,,,,,,,
2020-12-31,-0.003956483895073859,0.1108065990378222,0.17506905885294266,0.1589327910192111,-0.004562745558417625,-0.0058479698824234205,-0.011904902506318926,0.008915363657952646,0.37420070112993997,0.34958241333728246,0.4451303645005962,0.1478095044888108,0.5993284253422906,0.10315544915723684
2021-01-31,0.003956483895073859,,,,,,0.03433392658471757,,,,,,,
2021-02-28,-0.00296589441337769,,,,,,-0.0077444723954780414,,,,,,,
2021-03-31,0.006906786213254357,-0.2509443217664362,-0.06915450217169372,-0.07549810529368806,-0.015361285161487714,-0.028254667657599875,-0.014684551682920599,0.02242902407839864,-1.6149992692702337,-1.2403269872504588,-0.11155248590574773,0.022642476749759943,-0.19220631602649663,
2021-04-30,-0.009881503329997265,,,,,,-0.007920833491444235,,,,,,,
2021-05-31,0.005940611530120599,,,,,,0.009891277478742744,,,,,,,
2021-06-30,-0.010918222603873318,0.14794697545259083,0.15007963590196205,0.07064308183509027,0.009245058144051299,0.010502722199149161,0.0019665689720405055,0.014361185068128002,0.7629941789217103,0.7151267351202009,0.02049252039011762,0.06500483030899584,-0.030254408357802465,
2021-07-31,-0.0009985023295895346,,,,,,-0.0019665689720405055,,,,,,,
2021-08-31,-0.003001503003756234,,,,,,-0.006913607784817977,,,,,,,
2021-09-30,0.013930573535946955,0.24654761105589174,0.10896027244271522,0.1693568889187027,0.006116227017436415,0.010393560527263368,-0.005964232391673541,-0.026000501725146563,,0.5742028499317513,0.24996124810148634,0.108153813563439,0.49984404463550547,
2021-10-31,-0.002968829493801728,,,,,,0.013861608086624067,,,,,,,
2021-11-30,-0.000991571722295248,,,,,,0.0019646371741650626,,,,,,,
2021-12-31,-0.001986097971629519,0.13753129043167434,0.0744066263064731,0.12040013249488091,-0.004583659667658502,-0.00592594326754714,-0.014829732971049836,0.016449330740803347,,0.26303175097041454,-0.015923903356723557,0.008333381559144648,0.010298752200574857,0.18449117740526333
2022-01-31,0.006934153588998626,,,,,,0.012865095796884773,,,,,,,
2022-02-28,0.0029571238897441177,,,,,,0.04423798229338782,,,,,,,
2022-03-31,0.028143536260484048,-0.4639888270846271,-0.2550919391294766,-0.2467517530729122,,,-0.038355612390320815,0.0028749420855991303,,-2.20826337540122,0.2374864266736143,0.056466611667771005,0.13583406730195158,
2022-04-30,-0.01348768038195125,,,,,,-0.006866137813199558,,,,,,,
2022-05-31,-0.0038872740884015045,,,,,,0.027186140304157114,,,,,,,
2022-06-30,0.0038872740884015045,-0.05712801922406108,-0.36922209137629736,0.008658656832537304,,,0.0028694424279525066,-0.006721100673077629,,0.6852276079376498,-4.3694478524670215,-3.9318256327243257,-4.023564380161053,
2022-07-31,-0.023553591298397514,,,,,,-0.037960762239222845,,,,,,,
2022-08-31,0.003964326301908905,,,,,,0.001982161203991417,,,,,,,
2022-09-30,0.007881814202253423,0.34875600074306057,0.3369266649325162,0.31638940423502504,,,-0.003968259175620936,-0.018474030503108807,,0.6742312977277827,2.4248027257182945,0.8754687373538964,2.70805020110221,
2022-10-31,0.005870858349783958,,,,,,0.005946499187726495,,,,,,,
2022-11-30,-0.017716998853946286,,,,,,-0.005946499187726495,,,,,,,
2022-12-31,0.0,0.12498010510254787,0.12576667053006751,0.1917707651864493,,,0.001986097971629519,-0.00887142338741942,,0.35487571612804736,1.2540263925421402,1.3862943611198935,0.8153648132841944,
2023-01-31,0.0009925559127514916,,,,,,-0.0029806281381379307,,,,,,,
2023-02-28,-0.0009925559127514916,,,,,,-0.0009955202415010689,,,,,,,
2023-03-31,0.007912998757324985,-0.17618846337169813,-0.0686827960871863,-0.04886470519366348,,,0.002983592466887508,-0.0009905894816961691,,,0.26469255422708216,0.4395981144776231,0.21900520665556167,
2023-04-30,-0.012890609831077704,,,,,,0.030320171007271135,,,,,,,
2023-05-31,0.00298953884836628,,,,,,-0.024379559477150536,,,,,,,
2023-06-30,0.0029806281381379307,0.0661964456266606,-0.07827175205844661,-0.13137040366167163,,,-0.011916724933462852,0.04458102555655774,0.7161809282446985,,0.155810431245623,0.32392986284412206,0.12460541845544393,
2023-07-31,-0.013986241974739855,,,,,,0.010929070532190721,,,,,,,
2023-08-31,-0.008080852053939047,,,,,,0.00787405643090544,,,,,,,
2023-09-30,0.01908646589054097,0.19782093723169325,-0.11048233018581577,0.07047322517228771,,,-0.017804624633506627,-0.0057034375138700355,,,0.07505516616249697,0.26683521081225825,0.02275175698341636,
2023-10-31,0.0029806281381379307,,,,,,0.0039840690148746916,,,,,,,
2023-11-30,-0.0029806281381379307,,,,,,-0.010994613501091877,,,,,,,
2023-12-31,0.001988072225386439,0.07534125042578488,0.13719708718723567,0.04755262468860444,,,0.0030105391528714165,-0.02705479023163182,,,0.13775323731407862,0.01476041558312069,0.03219593980048785,
2024-01-31,-0.002983592466887508,,,,,,0.00997017231984998,,,,,,,
2024-02-29,-0.000996512289739293,,,,,,0.004948055617369107,,,,,,,
2024-03-31,0.001992032531240362,-0.17912663398384687,0.12926752895408278,-0.017925098263360084,,,-0.010918222603873318,0.030860693969310127,-1.1074882272275453,,-0.13775323731407862,0.07750356115486001,-0.05494769678390421,
2024-04-30,-0.00298953884836628,,,,,,0.004977611073752719,,,,,,,
2024-05-31,0.0039840690148746916,,,,,,0.003964326301908905,,,,,,,
2024-06-30,0.015779420103965158,0.06712910063962774,0.01614834581258684,0.11477476057050495,,,-0.004957868360786932,-0.02988174137032562,0.7313114764912569,,-0.02177379954956038,-0.02054866822738788,0.030898441551234335,
2024-07-31,-0.0217614917815121,,,,,,-0.0009945301665084116,,,,,,,
2024-08-31,0.005982071677546941,,,,,,-0.001992032531240362,,,,,,,
2024-09-30,0.008906540816203012,0.18294832048369436,-0.0012946940936320317,0.06304931918525547,,,0.0,0.016497220335577545,,,-0.009478743954543845,-0.19415601444095731,-0.047776479338585975,
2024-10-31,0.002951305634580237,,,,,,-0.0049975116504716866,,,,,,,
2024-11-30,0.0009818361122571062,,,,,,0.00997017231984998,,,,,,,
2024-12-31,-0.004918849071596121,0.04760617507867693,0.09931698418567692,0.08165142169650608,,,-0.003976148379639,0.0009620010361910403,,0.37298678967243326,0.020424904852041514,0.20448312859680717,0.023134575401656754,
2025-01-31,-0.0019743343037177397,,,,,,0.003976148379639,,,,,,,
2025-02-28,-0.003960401216096976,,,,,,-0.0029806281381379307,,,,,,,
2025-03-31,0.006920442844573493,-0.13194449798936958,-0.11045013378450186,-0.04944704315422044,,,0.001988072225386439,0.0019212301778939178,,-1.4723121206469614,,0.07263918363997135,0.032722755990867824,
2025-04-30,-0.007912998757324985,,,,,,-0.005976113403342254,,,,,,,
2025-05-31,0.005940611530120599,,,,,,0.0019960086467154525,,,,,,,
2025-06-30,-0.004948055617369107,0.04986462327170571,0.011609863912969587,0.07372207227653327,,,0.000996512289739293,-0.005774799493884153,0.6727852084085608,0.6255081893562018,,0.11139323755761277,-0.012145898302108105,
2025-07-31,-0.00997017231984998,,,,,,0.003976148379639,,,,,,,
2025-08-31,0.0,,,,,,-0.004972660669378293,,,,,,,
2025-09-30,0.0049975116504716866,,-0.027514334198782464,0.05837998921710863,,,-0.0019960086467154525,-0.03536714383729045,0.43256550000024774,0.4185113260301616,,0.08201315166083534,0.04966263768704193,
2025-10-31,0.005964232391673541,,,,,,0.0009985023295895346,,,,,,,
2025-11-30,-0.004967720101934248,,,,,,0.004977611073752719,,,,,,,
2025-12-31,-0.001994018606865211,,0.13000718111350196,0.12990081327455094,,,-0.0009935420588780275,0.0411419433311746,,0.3777916110786794,,0.07822397422282545,-0.01562531790308075,
